SUMLEV,REGION,DIVISION,STATE,NAME,CENSUS2010POP,ESTIMATESBASE2010,POPESTIMATE2010,POPESTIMATE2011,POPESTIMATE2012,POPESTIMATE2013,POPESTIMATE2014,POPESTIMATE2015,POPESTIMATE2016,NPOPCHG_2010,NPOPCHG_2011,NPOPCHG_2012,NPOPCHG_2013,NPOPCHG_2014,NPOPCHG_2015,NPOPCHG_2016,BIRTHS2010,BIRTHS2011,BIRTHS2012,BIRTHS2013,BIRTHS2014,BIRTHS2015,BIRTHS2016,DEATHS2010,DEATHS2011,DEATHS2012,DEATHS2013,DEATHS2014,DEATHS2015,DEATHS2016,NATURALINC2010,NATURALINC2011,NATURALINC2012,NATURALINC2013,NATURALINC2014,NATURALINC2015,NATURALINC2016,INTERNATIONALMIG2010,INTERNATIONALMIG2011,INTERNATIONALMIG2012,INTERNATIONALMIG2013,INTERNATIONALMIG2014,INTERNATIONALMIG2015,INTERNATIONALMIG2016,DOMESTICMIG2010,DOMESTICMIG2011,DOMESTICMIG2012,DOMESTICMIG2013,DOMESTICMIG2014,DOMESTICMIG2015,DOMESTICMIG2016,NETMIG2010,NETMIG2011,NETMIG2012,NETMIG2013,NETMIG2014,NETMIG2015,NETMIG2016,RESIDUAL2010,RESIDUAL2011,RESIDUAL2012,RESIDUAL2013,RESIDUAL2014,RESIDUAL2015,RESIDUAL2016,RBIRTH2011,RBIRTH2012,RBIRTH2013,RBIRTH2014,RBIRTH2015,RBIRTH2016,RDEATH2011,RDEATH2012,RDEATH2013,RDEATH2014,RDEATH2015,RDEATH2016,RNATURALINC2011,RNATURALINC2012,RNATURALINC2013,RNATURALINC2014,RNATURALINC2015,RNATURALINC2016,RINTERNATIONALMIG2011,RINTERNATIONALMIG2012,RINTERNATIONALMIG2013,RINTERNATIONALMIG2014,RINTERNATIONALMIG2015,RINTERNATIONALMIG2016,RDOMESTICMIG2011,RDOMESTICMIG2012,RDOMESTICMIG2013,RDOMESTICMIG2014,RDOMESTICMIG2015,RDOMESTICMIG2016,RNETMIG2011,RNETMIG2012,RNETMIG2013,RNETMIG2014,RNETMIG2015,RNETMIG2016
010,0,0,00,United States,308745538,308758105,309348193,311663358,313998379,316204908,318563456,320896618,323127513,590088,2315165,2335021,2206529,2358548,2333162,2230895,987836,3973485,3936976,3940576,3963195,3983082,3977745,598691,2512442,2501531,2608019,2582448,2686546,2746013,389145,1461043,1435445,1332557,1380747,1296536,1231732,200943,854122,899576,873972,977801,1036626,999163,0,0,0,0,0,0,0,200943,854122,899576,873972,977801,1036626,999163,0,0,0,0,0,0,0,12.796815111,12.584998465,12.505729758,12.48705898,12.457640944,12.352782477,8.0914501379,7.9964327433,8.276754672,8.1366625889,8.4025449257,8.5276711472,4.7053649732,4.5885657221,4.2289750863,4.3503963912,4.0550960184,3.8251113296,2.7507443255,2.875598576,2.7736193004,3.080812011,3.2421914742,3.102874417,0,0,0,0,0,0,2.7507443255,2.875598576,2.7736193004,3.080812011,3.2421914742,3.102874417
020,1,0,00,Northeast Region,55317240,55318353,55388056,55632766,55829059,55988771,56116791,56184737,56209510,69703,244710,196293,159712,128020,67946,24773,163461,646276,637894,635756,632446,631372,629063,110759,470927,461002,479925,470058,485356,497539,52702,175349,176892,155831,162388,146016,131524,53577,240608,240943,237182,264132,274853,270317,-34556,-161832,-218286,-217757,-289510,-334070,-361502,19021,78776,22657,19425,-25378,-59217,-91185,-2020,-9415,-3256,-15544,-8990,-18853,-15566,11.642428661,11.445963674,11.371281306,11.283044101,11.244228128,11.193864754,8.4835797739,8.2719262851,8.5840513986,8.3859889128,8.6438004655,8.8534602665,3.1588488869,3.174037389,2.7872299078,2.897055188,2.6004276629,2.3404044871,4.3344661959,4.3233277402,4.2422930225,4.7122015231,4.894911136,4.8101572316,-2.915345015,-3.916784962,-3.894852905,-5.164953368,-5.949518336,-6.432749178,1.4191211807,0.4065427782,0.3474401176,-0.452751845,-1.0546072,-1.622591946
020,2,0,00,Midwest Region,66927001,66929825,66978602,67153331,67332320,67543948,67726368,67838387,67941429,48777,174729,178989,211628,182420,112019,103042,212620,834866,830674,830838,836507,832676,828188,140675,586914,584826,605226,597065,609113,612414,71945,247952,245848,225612,239442,223563,215774,25682,109806,118051,117163,130743,137900,133716,-48061,-181584,-184390,-128687,-176091,-240693,-231532,-22379,-71778,-66339,-11524,-45348,-102793,-97816,-789,-1445,-520,-2460,-11674,-8751,-14916,12.448430159,12.353347645,12.320002804,12.367931483,12.284549919,12.198985452,8.7512941456,8.6972252527,8.974536573,8.8277312814,8.9863032615,9.0206927368,3.6971360131,3.6561223918,3.3454662313,3.5402002018,3.2982466571,3.1782927147,1.6372834946,1.7555924981,1.7373404786,1.9330626832,2.0344520963,1.969600548,-2.707543177,-2.74215128,-1.908223024,-2.603542377,-3.550967211,-3.410403797,-1.070259682,-0.986558782,-0.170882545,-0.670479693,-1.516515115,-1.440803249
020,3,0,00,South Region,114555744,114563005,114863114,116061801,117299171,118424320,119696311,121039206,122319574,300109,1198687,1237370,1125149,1271991,1342895,1280368,368743,1509606,1504983,1504795,1525289,1540952,1540837,228829,962730,960646,1011268,1006193,1049437,1075479,139914,546876,544337,493527,519096,491515,465358,76202,312655,340120,323012,360717,385121,367865,82260,322741,347470,295803,373235,449545,423042,158462,635396,687590,618815,733952,834666,790907,1733,16415,5443,12807,18943,16714,24103,13.074431574,12.898326461,12.767458972,12.811061298,12.802032863,12.663089452,8.3380348976,8.233133345,8.5801206805,8.4511198864,8.7185888736,8.838629122,4.7363966768,4.6651931155,4.1873382912,4.3599414114,4.0834439897,3.8244603297,2.7078498654,2.9149690035,2.7406008509,3.0296996819,3.1995361947,3.0232317897,2.7952029343,2.9779615419,2.509745624,3.1348396687,3.7347625776,3.4766939578,5.5030527997,5.8929305454,5.2503464748,6.1645393506,6.9342987724,6.4999257475
020,4,0,00,West Region,71945553,71946922,72118421,72815460,73537829,74247869,75023986,75834288,76657000,171499,697039,722369,710040,776117,810302,822712,243012,982737,963425,969187,968953,978082,979657,118428,491871,495057,511600,509132,542640,560581,124584,490866,468368,457587,459821,435442,419076,45482,191053,200462,196615,222209,238752,227265,357,20675,55206,50641,92366,125218,169992,45839,211728,255668,247256,314575,363970,397257,1076,-5555,-1667,5197,1721,10890,6379,13.561176907,13.165744434,13.116113577,12.982393767,12.966898985,12.848694674,6.7875226497,6.765232314,6.923538704,6.8215404706,7.1940369674,7.3523019886,6.7736542569,6.4005121197,6.1925748728,6.1608532968,5.7728620175,5.4963926857,2.6364159806,2.7394259653,2.6608122797,2.9772390783,3.1652489939,2.9806948709,0.2853025098,0.7544210366,0.6853301867,1.2375541257,1.6600746738,2.229530647,2.9217184904,3.493847002,3.3461424664,4.214793204,4.8253236677,5.2102255179
040,3,6,01,Alabama,4779736,4780131,4785492,4799918,4815960,4829479,4843214,4853875,4863300,5361,14426,16042,13519,13735,10661,9425,14231,59689,59066,57939,58906,59034,58556,11086,48817,48372,50845,49693,51407,52405,3145,10872,10694,7094,9213,7627,6151,1360,4816,4695,4179,4732,5110,4738,866,-1416,414,1619,420,-3114,-864,2226,3400,5109,5798,5152,1996,3874,-10,154,239,627,-630,1038,-600,12.454136025,12.285097627,12.013761115,12.179855186,12.175612702,12.052062456,10.185688458,10.060859757,10.542806813,10.274904827,10.602563305,10.786056647,2.2684475677,2.2242378699,1.4709543029,1.9049503587,1.5730493966,1.2660058093,1.004860512,0.9765098933,0.8665235455,0.9784245194,1.0539245334,0.9751805437,-0.295449021,0.0861075816,0.3357027088,0.086842413,-0.642254598,-0.177829462,0.709411491,1.062617475,1.2022262543,1.0652669324,0.4116699352,0.797351082
040,4,9,02,Alaska,710231,710249,714031,722713,731089,736879,736705,737709,741894,3782,8682,8376,5790,-174,1004,4185,2891,11707,11126,11347,11448,11314,11255,919,3937,3937,4047,4047,4315,4511,1972,7770,7189,7300,7401,6999,6744,574,1480,2723,2249,2208,2527,2030,1199,-795,-1549,-3223,-10408,-7882,-4587,1773,685,1174,-974,-8200,-5355,-2557,37,227,13,-536,625,-640,-2,16.296570579,15.306073317,15.459465056,15.537627987,15.347114176,15.213540389,5.4804474562,5.4161433263,5.5137441688,5.4927306485,5.8531728538,6.097581581,10.816123123,9.8899299905,9.9457208876,10.044897339,9.4939413218,9.1159588079,2.0602139282,3.7460396945,3.0640994899,2.9967752093,3.4278025032,2.7439792971,-1.106668968,-2.130964189,-4.391103893,-14.12610343,-10.69170531,-6.20031184,0.95354496,1.6150755055,-1.327004403,-11.12932822,-7.263902812,-3.456332543
040,4,8,04,Arizona,6392017,6392301,6408312,6467163,6549634,6624617,6719993,6817565,6931071,16011,58851,82471,74983,95376,97572,113506,20941,86106,85573,86097,86128,87258,87204,11486,48164,48756,50609,50249,54576,56564,9455,37942,36817,35488,35879,32682,30640,2373,10947,11686,12282,14290,15414,14861,4420,8535,33964,25538,41038,48341,61544,6793,19482,45650,37820,55328,63755,76405,-237,1427,4,1675,4169,1135,6461,13.375195867,13.148088581,13.07049638,12.90828282,12.891246708,12.685476581,7.4815103909,7.4912438137,7.6830174254,7.5309806731,8.0629017434,8.2283071572,5.8936854757,5.6568447676,5.3874789542,5.3773021467,4.8283449644,4.4571694239,1.7004421196,1.7955261959,1.8645462273,2.1416886668,2.2772201604,2.161814452,1.3257763306,5.2184880812,3.8769566482,6.1504982161,7.1417607223,8.9527426575,3.0262184502,7.0140142771,5.7415028756,8.2921868829,9.4189808827,11.11455711
040,3,7,05,Arkansas,2915918,2916025,2921995,2939493,2950685,2958663,2966912,2977853,2988248,5970,17498,11192,7978,8249,10941,10395,9431,38451,38603,37976,38233,38212,37936,7016,29427,29745,30948,29954,29955,30581,2415,9024,8858,7028,8279,8257,7355,747,2635,2995,2806,3251,3469,3335,2711,5591,-868,-1265,-2864,-963,195,3458,8226,2127,1541,387,2506,3530,97,248,207,-591,-417,178,-490,13.119876728,13.107583506,12.852856187,12.904401683,12.855680586,12.717183299,10.040795102,10.099864554,10.474251982,10.110073706,10.077774311,10.251586421,3.0790816257,3.0077189518,2.3786042047,2.7943279766,2.7779062755,2.4655968781,0.899089105,1.0169471958,0.9496817585,1.0972774794,1.167077252,1.1179830848,1.907706712,-0.294727935,-0.428135219,-0.966657244,-0.323982529,0.0653693258,2.806795817,0.7222192606,0.5215465395,0.1306202352,0.8430947228,1.1833524106
040,4,9,06,California,37253956,37254522,37332685,37676861,38011074,38335203,38680810,38993940,39250017,78163,344176,334213,324129,345607,313130,256077,123306,509772,497438,499642,498910,503303,502848,57299,238419,239600,247773,244043,262984,273850,66007,271353,257838,251869,254867,240319,228998,28560,124150,122429,121944,138820,148098,142553,-17304,-42576,-43897,-51795,-41146,-77603,-109023,11256,81574,78532,70149,97674,70495,33530,900,-8751,-2157,2111,-6934,2316,-6451,13.592189986,13.144446337,13.088837325,12.956006954,12.959243512,12.853337671,6.3570308771,6.3312600615,6.4907683711,6.3374612757,6.7714154214,6.9999016026,7.2351591089,6.813186276,6.5980689536,6.6185456783,6.1878280909,5.8534360679,3.3102453386,3.2350994911,3.1944976177,3.6049645935,3.8132855272,3.6438085564,-1.13521551,-1.159947091,-1.356844159,-1.068505065,-1.998152553,-2.786745563,2.1750298289,2.0751524004,1.8376534589,2.5364595282,1.8151329744,0.8570629934
040,4,8,08,Colorado,5029196,5029324,5048644,5118360,5189867,5267603,5349648,5448819,5540545,19320,69716,71507,77736,82045,99171,91726,16793,65911,64733,64738,65713,66427,67453,7855,32009,32714,33597,33943,36381,37121,8938,33902,32019,31141,31770,30046,30332,2031,8238,10445,9364,10391,11505,10557,7797,25703,28485,36296,39052,56122,50216,9828,33941,38930,45660,49443,67627,60773,554,1873,558,935,832,1498,621,12.965668156,12.559482829,12.381197364,12.378533765,12.303042645,12.276051644,6.2966435343,6.3471632901,6.4254547228,6.393933797,6.7381786692,6.7558049765,6.6690246212,6.2123195386,5.9557426414,5.9845999685,5.5648639756,5.5202466676,1.620536394,2.0265366682,1.7908729358,1.9573804933,2.130858019,1.9213122798,5.0561601038,5.5266536137,6.9416407601,7.356329807,10.394438396,9.1390184182,6.6766964978,7.5531902819,8.732513696,9.3137103003,12.525296415,11.060330698
040,1,1,09,Connecticut,3574097,3574114,3579899,3589893,3593795,3596003,3591873,3584730,3576452,5785,9994,3902,2208,-4130,-7143,-8278,9495,37644,36847,36138,36155,36150,35848,6833,29324,29093,29789,29681,30025,30638,2662,8320,7754,6349,6474,6125,5210,3549,16004,15316,14804,16740,17439,17058,-265,-13242,-19031,-17204,-27123,-28939,-29880,3284,2762,-3715,-2400,-10383,-11500,-12822,-161,-1088,-137,-1741,-221,-1768,-666,10.500723034,10.258519023,10.052577277,10.05999547,10.074404283,10.011755043,8.1798746742,8.0997392983,8.2864636809,8.2586288356,8.3674685642,8.5566879881,2.3208483593,2.1587797243,1.766113596,1.8013666346,1.7069357188,1.4550670546,4.4642857143,4.2641050112,4.1180572806,4.6578432906,4.8599595101,4.7640180071,-3.693831007,-5.298392692,-4.785669917,-7.546874765,-8.064818411,-8.344991092,0.7704547078,-1.034287681,-0.667612637,-2.889031475,-3.204858901,-3.580973085
040,3,5,10,Delaware,897934,897936,899816,907924,916993,925395,934948,944076,952065,1880,8108,9069,8402,9553,9128,7989,2845,11303,11157,10889,10979,10882,10922,1843,7873,7694,8094,8078,8569,8945,1002,3430,3463,2795,2901,2313,1977,561,2175,2424,2239,2522,2658,2556,273,2632,3261,3417,3887,3989,3027,834,4807,5685,5656,6409,6647,5583,44,-129,-79,-49,243,168,429,12.505116886,12.227405411,11.820528575,11.803199733,11.582608844,11.52024032,8.7103233872,8.4321643121,8.7864228382,8.6844200236,9.1206924446,9.4349523585,3.7947934991,3.7952410986,3.0341057367,3.1187797089,2.4619163992,2.0852879612,2.4063194928,2.656559175,2.4305412324,2.7113279648,2.8291283134,2.6960020378,2.9119231748,3.5738611674,3.7093163872,4.1787992859,4.2458212349,3.1928005354,5.3182426676,6.2304203424,6.1398576196,6.8901272507,7.0749495483,5.8888025732
040,3,5,11,District of Columbia,601723,601766,605183,620477,635327,649165,659005,670377,681170,3417,15294,14850,13838,9840,11372,10793,2246,9196,9232,9446,9337,9657,9779,1180,4671,4543,4809,4649,5166,5455,1066,4525,4689,4637,4688,4491,4324,788,3299,3692,3643,4019,4237,4116,1428,7069,6305,6022,691,2885,2276,2216,10368,9997,9665,4710,7122,6392,135,401,164,-464,442,-241,77,15.005792797,14.702931349,14.707759955,14.274903109,14.528555374,14.470824914,7.6220158935,7.2352054939,7.4877850543,7.1076389154,7.7720324181,8.0722313024,7.3837769039,7.4677258553,7.2199749006,7.1672641935,6.7565229558,6.3985936116,5.3832221007,5.8798984555,5.6722813377,6.1444613468,6.3743905063,6.0907981742,11.535009709,10.041375883,9.3764694525,1.056437619,4.3403626648,3.3679923821,16.91823181,15.921274339,15.04875079,7.2008989657,10.714753171,9.4587905563
040,3,5,12,Florida,18801310,18804592,18849098,19096952,19344156,19582022,19888741,20244914,20612439,44506,247854,247204,237866,306719,356173,367525,50876,213209,214037,212992,218344,221011,222793,41790,174530,173775,181652,181074,195790,201485,9086,38679,40262,31340,37270,25221,21308,23566,105659,107214,103303,116098,121235,118831,11864,101716,98825,97999,141388,207537,207155,35430,207375,206039,201302,257486,328772,325986,-10,1800,903,5224,11963,2180,20231,11.237480581,11.135839269,10.943381084,11.063581416,11.013748935,10.905894956,9.1988494191,9.0411025614,9.3331536428,9.1750949937,9.7568985431,9.8628513697,2.0386311619,2.0947367074,1.6102274413,1.8884864222,1.2568503915,1.0430435863,5.5689063816,5.5780910373,5.3076364189,5.8827340125,6.0415628729,5.8168721797,5.3610850141,5.1416311934,5.0351205813,7.1641888453,10.342292522,10.14040239,10.929991396,10.719722231,10.342757,13.046922858,16.383855395,15.957274569
040,3,5,13,Georgia,9687653,9688680,9713521,9811610,9914668,9984938,10087231,10199398,10310371,24841,98089,103058,70270,102293,112167,110973,32491,132623,131876,128652,129544,131318,130862,17202,71119,70427,74854,74855,78843,81525,15289,61504,61449,53798,54689,52475,49337,5488,21072,24082,21159,23558,25469,23831,3603,11328,16868,-5905,22868,33156,36781,9091,32400,40950,15254,46426,58625,60612,461,4185,659,1218,1178,1067,1024,13.584851236,13.370591249,12.930105249,12.907822767,12.946261303,12.760943334,7.2848678967,7.1404245646,7.5231640265,7.4585860651,7.7729030289,7.9498701326,6.2999833394,6.2301666843,5.4069412229,5.4492367018,5.1733582746,4.8110732013,2.1584490265,2.4416162035,2.1265747674,2.3473297779,2.510914948,2.3238682015,1.1603507295,1.710206051,-0.593479087,2.2785778657,3.2687540153,3.5866810592,3.3187997561,4.1518222546,1.5330956804,4.6259076436,5.7796689632,5.9105492607
040,4,9,15,Hawaii,1360301,1360301,1363945,1377864,1391820,1406481,1416349,1425157,1428557,3644,13919,13956,14661,9868,8808,3400,4645,19157,18895,19037,18954,18307,18507,2531,10073,10244,10342,10754,11864,12237,2114,9084,8651,8695,8200,6443,6270,1963,6443,8998,7434,7677,8596,7438,-420,-941,-3556,-1443,-5359,-6759,-10021,1543,5502,5442,5991,2318,1837,-2583,-13,-667,-137,-25,-650,528,-287,13.973985788,13.644155795,13.606113138,13.429076494,12.885420619,12.970465856,7.3477036511,7.3972337639,7.3916279914,7.6193040318,8.3505014594,8.5761922884,6.6262821371,6.2469220315,6.2144851465,5.8097724624,4.5349191591,4.3942735677,4.6998167998,6.4974921327,5.3132239884,5.4392223407,6.0503127567,5.2128559484,-0.686408134,-2.567801959,-1.031340088,-3.796898857,-4.757336427,-7.023128456,4.0134086656,3.929690174,4.2818839003,1.6423234839,1.2929763302,-1.810272508
040,4,8,16,Idaho,1567582,1567650,1571010,1584143,1595911,1612011,1633532,1652828,1683140,3360,13133,11768,16100,21521,19296,30312,5973,22957,22366,22705,22430,23001,22792,2567,11885,11902,12301,12546,12348,12496,3406,11072,10464,10404,9884,10653,10296,372,1313,1600,1458,1669,1848,1726,-371,152,-307,4786,8916,6748,17143,1,1465,1293,6244,10585,8596,18869,-47,596,11,-548,1052,47,1147,14.552067681,14.066427803,14.15558109,13.822032245,13.997857812,13.664399659,7.5337075571,7.4854074805,7.6691390875,7.7312178578,7.5146971117,7.4916785773,7.0183601239,6.5810203223,6.486442002,6.0908143876,6.4831607006,6.1727210813,0.8322892741,1.0062722205,0.9089996577,1.0284873748,1.1246485473,1.0347821082,0.0963503196,-0.193078482,2.983863074,5.4943040348,4.1066712107,10.277676524,0.9286395937,0.8131937382,3.8928627317,6.5227914096,5.231319758,11.312458633
040,2,3,17,Illinois,12830632,12831574,12841578,12860012,12870798,12879505,12867544,12839047,12801539,10004,18434,10786,8707,-11961,-28497,-37508,41842,162419,160143,157488,157517,157493,155238,24054,101617,101298,104312,102715,107022,108040,17788,60802,58845,53176,54802,50471,47198,5864,26317,26875,26501,30024,32005,30934,-13461,-67239,-74709,-68697,-96297,-105619,-114144,-7597,-40922,-47834,-42196,-66273,-73614,-83210,-187,-1446,-225,-2273,-490,-5354,-1496,12.63882896,12.447567721,12.231933737,12.235732336,12.253122166,12.108771617,7.9074485275,7.8736736232,8.1018075787,7.9787784612,8.3264249235,8.4272644939,4.7313804321,4.5738940982,4.1301261581,4.2569538746,3.9266972427,3.6815071231,2.047888866,2.0889354047,2.058305877,2.332228443,2.4900228895,2.4128933715,-5.232283295,-5.806968378,-5.335626536,-7.48023589,-8.217270038,-8.903384657,-3.184394429,-3.718032973,-3.277320659,-5.148007447,-5.727247148,-6.490491286
040,2,3,18,Indiana,6483802,6484136,6490528,6516480,6537743,6569102,6595233,6612768,6633053,6392,25952,21263,31359,26131,17535,20285,20958,83463,83073,83364,83532,83662,83267,13865,57897,58632,60721,59872,60852,60909,7093,25566,24441,22643,23660,22810,22358,2255,9263,9599,9519,10725,11258,11052,-2976,-8511,-12698,-247,-6723,-15870,-12135,-721,752,-3099,9272,4002,-4612,-1083,20,-366,-79,-556,-1531,-663,-990,12.833543271,12.727375655,12.720681445,12.690652433,12.668381839,12.572569114,8.9024316738,8.9828402656,9.2655402578,9.0960918269,9.2144148081,9.196711929,3.9311115977,3.744535389,3.4551411877,3.5945606064,3.453967031,3.3758571854,1.4243091109,1.4706352113,1.4525234715,1.6294024727,1.7047242804,1.6687527334,-1.308679137,-1.945424098,-0.03769023,-1.021396067,-2.403088855,-1.832276006,0.1156299742,-0.474788886,1.4148332417,0.6080064052,-0.698364575,-0.163523273
040,2,4,19,Iowa,3046355,3046869,3050738,3065223,3076310,3091930,3108030,3121997,3134693,3869,14485,11087,15620,16100,13967,12696,9966,37851,38469,38805,39458,39563,39349,6868,28208,28048,29141,28926,28486,28739,3098,9643,10421,9664,10532,11077,10610,1009,4811,4984,5580,6165,6441,6336,-145,237,-4316,617,5,-3689,-3392,864,5048,668,6197,6170,2752,2944,-93,-206,-2,-241,-602,138,-858,12.377776771,12.5274911,12.582195245,12.728469216,12.700747525,12.578216277,9.2243884485,9.133875858,9.4487244335,9.3310279421,9.1447436745,9.1866466135,3.1533883228,3.3936152423,3.1334708118,3.3974412738,3.5560038504,3.3915696638,1.5732605228,1.6230475355,1.8092681219,1.9887225079,2.0677277964,2.0253520632,0.0775021293,-1.405512272,0.2000570665,0.0016129136,-1.18426453,-1.084279387,1.650762652,0.2175352636,2.0093251884,1.9903354215,0.8834632659,0.9410726758
040,2,4,20,Kansas,2853118,2853129,2858850,2869503,2885262,2892821,2899360,2906721,2907289,5721,10653,15759,7559,6539,7361,568,9987,40115,39579,39724,39292,38717,38702,5988,25183,24965,25593,25505,25018,25128,3999,14932,14614,14131,13787,13699,13574,1320,4703,6358,5356,5864,6415,5851,511,-9071,-5234,-12072,-13027,-13011,-18595,1831,-4368,1124,-6716,-7163,-6596,-12744,-109,89,21,144,-85,258,-262,14.005770943,13.755209813,13.74988902,13.567255581,13.336706808,13.313358594,8.792405077,8.6762882585,8.8586474095,8.8066999287,8.61786117,8.6439479808,5.2133658662,5.0789215546,4.8912416108,4.7605556525,4.7188456379,4.6694106133,1.6420077464,2.2096471359,1.8539020641,2.0247986035,2.2097521547,2.0127244363,-3.167053427,-1.81901433,-4.178548491,-4.498132914,-4.481852733,-6.396617825,-1.525045681,0.390632806,-2.324646427,-2.473334311,-2.272100579,-4.383893389
040,3,6,21,Kentucky,4339367,4339344,4348662,4369354,4384799,4400477,4413057,4424611,4436974,9318,20692,15445,15678,12580,11554,12363,13693,55309,55286,56049,55747,55686,55198,10535,42424,42795,44425,43684,44681,44883,3158,12885,12491,11624,12063,11005,10315,1393,5104,6726,6215,6711,7168,6734,4721,2955,-3858,-2217,-5171,-6917,-3429,6114,8059,2868,3998,1540,251,3305,46,-252,86,56,-1023,298,-1257,12.688437369,12.630805059,12.759758487,12.650317115,12.601966944,12.457816519,9.732489594,9.7770738071,10.113512655,9.9129361729,10.11149095,10.129790551,2.9559477753,2.8537312519,2.6462458322,2.7373809416,2.4904759943,2.3280259683,1.1709086104,1.5366420943,1.4148673303,1.5228851446,1.622147381,1.5198184072,0.6779065329,-0.881410229,-0.504708105,-1.173422602,-1.565345066,-0.773902186,1.8488151433,0.6552318654,0.9101592255,0.3494625425,0.0568023148,0.7459162215
040,3,7,22,Louisiana,4533372,4533479,4544996,4575404,4603429,4626402,4647880,4668960,4681666,11517,30408,28025,22973,21478,21080,12706,14576,62303,62265,62531,64213,63995,63570,9178,40758,40744,43787,43576,44002,45030,5398,21545,21521,18744,20637,19993,18540,1818,6641,7278,6513,7175,7660,7223,4142,2206,-1040,-2451,-5726,-7238,-12243,5960,8847,6238,4062,1449,422,-5020,159,16,266,167,-608,665,-814,13.662339371,13.567084182,13.549760554,13.847540974,13.737490394,13.596950621,8.9377658875,8.8778170384,9.4881477245,9.397169506,9.4456918869,9.6314407185,4.7245734836,4.6892671432,4.0616128291,4.4503714681,4.2917985068,3.9655099028,1.4562957765,1.5858225114,1.4112934462,1.5472895907,1.6443343451,1.5449233025,0.4837507127,-0.226608328,-0.531103982,-1.234812571,-1.553745691,-2.618648206,1.9400464892,1.3592141833,0.8801894639,0.3124770198,0.0905886545,-1.073724904
040,1,1,23,Maine,1328361,1328364,1327730,1328231,1328895,1329076,1330719,1329453,1331479,-634,501,664,181,1643,-1266,2026,3441,12626,12802,12868,12703,12602,12542,3099,13031,12750,13407,13353,13656,13842,342,-405,52,-539,-650,-1054,-1300,256,1245,1305,1565,1736,1823,1785,-1245,33,-586,-1269,674,-1738,2169,-989,1278,719,296,2410,85,3954,13,-372,-107,424,-117,-297,-628,9.5076697286,9.6359751099,9.6825736624,9.5518639594,9.4745753282,9.4267722738,9.8126440863,9.5968350767,10.088146184,10.040623432,10.267005291,10.40387353,-0.304974358,0.0391400333,-0.405572521,-0.488759472,-0.792429963,-0.977101256,0.9375137662,0.9822642961,1.1775899737,1.3053637592,1.3705880672,1.3416351865,0.0248497625,-0.441078067,-0.954863691,0.5068059756,-1.306682425,1.6302558652,0.9623635287,0.541186229,0.2227262826,1.8121697349,0.0639056422,2.9718910517
040,3,5,24,Maryland,5773552,5773786,5788584,5843603,5889651,5931129,5967295,5994983,6016447,14798,55019,46048,41478,36166,27688,21464,18462,73541,72732,72355,72756,73859,73321,10626,43675,43464,45739,44753,48446,50036,7836,29866,29268,26616,28003,25413,23285,6294,25655,25599,23876,26088,27472,26408,788,527,-8270,-9192,-16232,-24906,-26232,7082,26182,17329,14684,9856,2566,176,-120,-1029,-549,178,-1693,-291,-1997,12.644397825,12.397583825,12.242000951,12.2295188,12.348651319,12.208538034,7.5093359486,7.4086864565,7.7387448206,7.5225088634,8.099795039,8.331397677,5.1350618762,4.9888973681,4.5032561303,4.7070099368,4.2488562797,3.8771403571,4.4110363769,4.3634954123,4.0396657412,4.385118567,4.5931050925,4.3971450527,0.0906106479,-1.409668622,-1.55522732,-2.728428572,-4.164089816,-4.367839633,4.5016470248,2.9538267901,2.4844384212,1.6566899952,0.4290152762,0.0293054199
040,1,1,25,Massachusetts,6547629,6547813,6565524,6611923,6658008,6706786,6749911,6784240,6811779,17711,46399,46085,48778,43125,34329,27539,18644,73191,72214,72162,71940,71945,72024,12290,54026,52418,54804,54741,56119,57563,6354,19165,19796,17358,17199,15826,14461,7581,34572,35460,35960,40091,41526,40898,3720,-4679,-8675,-3709,-11569,-22087,-25606,11301,29893,26785,32251,28522,19439,15292,56,-2659,-496,-831,-2596,-936,-2214,11.108525043,10.883854633,10.798819645,10.692073991,10.631623661,10.594866041,8.1997673753,7.9002671529,8.2012487435,8.1358746504,8.2929472266,8.4676257072,2.9087576676,2.9835874806,2.5975709016,2.5561993407,2.3386764342,2.1272403341,5.2471468866,5.344413622,5.3813025476,5.9585201331,6.1364765326,6.0161728224,-0.710152733,-1.307467236,-0.555040355,-1.719441257,-3.26389147,-3.766690823,4.5369941537,4.0369463865,4.826262193,4.2390788765,2.8725850628,2.2494819991
040,2,3,26,Michigan,9883640,9884129,9877495,9876213,9887238,9898982,9915767,9917715,9928300,-6634,-1282,11025,11744,16785,1948,10585,29105,113974,113077,113012,114527,113735,113437,22101,89856,89064,92325,91841,94319,94353,7004,24118,24013,20687,22686,19416,19084,3893,17731,19239,19958,22052,22969,22511,-18075,-43442,-32306,-29395,-26045,-38770,-27839,-14182,-25711,-13067,-9437,-3993,-15801,-5328,544,311,79,494,-1908,-1667,-3171,11.539504381,11.443042007,11.423303693,11.559772975,11.468989661,11.431715637,9.0976337202,9.0130008165,9.3322524464,9.2699635004,9.5110883707,9.5085083832,2.4418706604,2.4300411907,2.0910512468,2.2898094748,1.9579012904,1.9232072534,1.7952072593,1.9469271839,2.0173635995,2.2258167388,2.316184319,2.2685662588,-4.398364094,-3.269267093,-2.971259796,-2.628849853,-3.909550527,-2.805500248,-2.603156835,-1.322339909,-0.953896196,-0.403033114,-1.593366208,-0.536933989
040,2,4,27,Minnesota,5303925,5303924,5311147,5348562,5380285,5418521,5453109,5482435,5519952,7223,37415,31723,38236,34588,29326,37517,17499,68369,68052,68968,69886,69466,69190,9336,39985,39320,41327,40831,41577,41938,8163,28384,28732,27641,29055,27889,27252,3018,12369,12071,12004,13247,13853,13644,-3899,-3326,-8864,-1828,-6258,-12241,-1762,-881,9043,3207,10176,6989,1612,11882,-59,-12,-216,419,-1456,-175,-1617,12.827554673,12.685799322,12.773264007,12.856581764,12.704626308,12.577270732,7.5020809668,7.3297717826,7.6539943397,7.5114771198,7.6040112865,7.6234366233,5.3254737066,5.3560275396,5.1192696674,5.3451046439,5.100615022,4.9538341089,2.3207012499,2.250195198,2.223208751,2.4369850703,2.5335730897,2.4801890717,-0.624032044,-1.652367678,-0.338555948,-1.151253308,-2.238754652,-0.320294133,1.6966692055,0.5978275205,1.8846528033,1.2857317624,0.2948184379,2.1598949392
040,3,6,28,Mississippi,2967297,2968103,2970322,2978162,2984945,2990482,2992400,2989390,2988726,2219,7840,6783,5537,1918,-3010,-664,9420,39747,39420,38492,38712,38304,37880,6646,29129,29018,30639,30582,30203,31006,2774,10618,10402,7853,8130,8101,6874,583,1834,2774,2088,2251,2543,2223,-1035,-5610,-6583,-4248,-8641,-13502,-9690,-452,-3776,-3809,-2160,-6390,-10959,-7467,-103,998,190,-156,178,-152,-71,13.363741081,13.221295543,12.883430757,12.940920446,12.806868847,12.672888917,9.7937558544,9.7325102501,10.25499935,10.223166695,10.098315053,10.373167734,3.5699852265,3.4887852926,2.6284314075,2.7177537515,2.7085537941,2.2997211831,0.6166276988,0.9303874641,0.6988621901,0.7524801592,0.8502471668,0.7437125676,-1.886194869,-2.2079094,-1.421823076,-2.888574436,-4.514367773,-3.241824013,-1.26956717,-1.277521936,-0.722960886,-2.136094277,-3.664120606,-2.498111445
040,2,4,29,Missouri,5988927,5988928,5996118,6010717,6025415,6042711,6060930,6076204,6093000,7190,14599,14698,17296,18219,15274,16796,19012,76249,75424,75174,75788,74731,74423,13171,55985,55637,57589,57141,58255,58723,5841,20264,19787,17585,18647,16476,15700,1917,7519,8670,7590,8343,8880,8413,-281,-13328,-13498,-7392,-7785,-9602,-6250,1636,-5809,-4828,198,558,-722,2163,-287,144,-261,-487,-986,-480,-1067,12.700932427,12.532930014,12.458272312,12.523173812,12.314439307,12.231366982,9.3255216716,9.2449966484,9.5439838795,9.4419522192,9.599465574,9.6510831768,3.3754107556,3.287933366,2.9142884322,3.0812215927,2.7149737327,2.5802838049,1.2524532901,1.4406621662,1.2578589252,1.3785934332,1.463277904,1.382670551,-2.220068819,-2.242913255,-1.225045214,-1.286389773,-1.582251625,-1.027183043,-0.967615529,-0.802251089,0.0328137111,0.09220366,-0.118973721,0.3554875076
040,4,8,30,Montana,989415,989414,990641,997821,1005196,1014314,1022867,1032073,1042520,1227,7180,7375,9118,8553,9206,10447,3067,12003,12036,12201,12387,12519,12431,2387,9128,8961,9448,9380,9228,9597,680,2875,3075,2753,3007,3291,2834,205,621,753,565,586,646,569,412,3493,3515,5678,4742,5035,6853,617,4114,4268,6243,5328,5681,7422,-70,191,32,122,218,234,191,12.072647101,12.017871042,12.083129076,12.160922373,12.184297352,11.984037351,9.180964987,8.9475026922,9.3567251462,9.2088037342,8.9812841251,9.2519351989,2.8916821141,3.0703683493,2.7264039297,2.9521186385,3.2030132267,2.7321021521,0.6246033366,0.7518658104,0.559541671,0.5753047962,0.6287288193,0.5485413283,3.5132680433,3.5097056091,5.6231462087,4.6554528046,4.900386386,6.606597053,4.13787138,4.2615714195,6.1826878797,5.2307576008,5.5291152053,7.1551383814
040,2,4,31,Nebraska,1826341,1826334,1830051,1842283,1855725,1868559,1881145,1893765,1907116,3717,12232,13442,12834,12586,12620,13351,6515,25725,25756,26023,26463,26651,26553,3656,15621,15218,16171,15706,15168,15355,2859,10104,10538,9852,10757,11483,11198,814,3205,3857,3739,4111,4390,4187,131,-1162,-861,-571,-2204,-2920,-2144,945,2043,2996,3168,1907,1470,2043,-87,85,-92,-186,-78,-333,110,14.010163564,13.929661591,13.974766693,14.114714121,14.120071737,13.972023854,8.5073961138,8.230377003,8.6840853168,8.3771945732,8.036218082,8.0797057314,5.5027674498,5.6992845878,5.2906813766,5.7375195482,6.0838536548,5.8923181231,1.7454839347,2.0859879157,2.0079027271,2.192706411,2.3258832661,2.2031734222,-0.632840041,-0.465656105,-0.306636121,-1.175559457,-1.547056751,-1.128159498,1.1126438935,1.6203318111,1.7012666059,1.0171469535,0.7788265151,1.0750139244
040,4,8,32,Nevada,2700551,2700691,2703284,2718379,2752565,2786464,2833013,2883758,2940058,2593,15095,34186,33899,46549,50745,56300,8891,35847,34712,35084,35226,36286,36462,4944,20200,20412,21267,21280,23053,23771,3947,15647,14300,13817,13946,13233,12691,1507,6432,6153,6220,7163,7727,7392,-2859,-6661,13649,13342,23610,28376,34575,-1352,-229,19802,19562,30773,36103,41967,-2,-323,84,520,1830,1409,1642,13.223617919,12.68958337,12.667924288,12.53710977,12.69457881,12.521686812,7.4515881935,7.4619663444,7.6789632262,7.5736585451,8.0650423115,8.1633760407,5.7720297259,5.2276170255,4.9889610616,4.9634512251,4.6295364988,4.3583107708,2.3727037258,2.2493375915,2.2458810019,2.5493475638,2.7032742784,2.5385417396,-2.457179651,4.9896325022,4.8174508565,8.402917211,9.9272823767,11.873658096,-0.084475926,7.2389700936,7.0633318583,10.952264775,12.630556655,14.412199836
040,1,1,33,New Hampshire,1316470,1316461,1316872,1318473,1321182,1322687,1328743,1330111,1334795,411,1601,2709,1505,6056,1368,4684,3270,12991,12370,12593,12220,12285,12274,2519,10737,10508,10874,11099,11489,11572,751,2254,1862,1719,1121,796,702,445,1802,1850,1927,2153,2235,2175,-773,-2206,-938,-2337,2854,-1570,2187,-328,-404,912,-410,5007,665,4362,-12,-249,-65,196,-72,-93,-380,9.8590507125,9.3724369283,9.5261905942,9.2176674474,9.2408233021,9.211581947,8.1484587407,7.961646503,8.2258235941,8.3720860064,8.642069102,8.6847340957,1.7105919718,1.4107904253,1.300367,0.845581441,0.5987542001,0.5268478513,1.3675628808,1.401698328,1.4577121635,1.6240292974,1.6811754237,1.6323277444,-1.674164104,-0.710698936,-1.767863688,2.1528005642,-1.180959917,1.6413336906,-0.306601223,0.690999392,-0.310151524,3.7768298616,0.5002155064,3.273661435
040,1,2,34,New Jersey,8791894,8791953,8803729,8841243,8873211,8899162,8925001,8935421,8944469,11776,37514,31968,25951,25839,10420,9048,26536,106685,104521,103464,103327,102362,102166,17100,71078,69031,72492,70478,72904,74762,9436,35607,35490,30972,32849,29458,27404,11197,46987,45202,43980,48842,50929,50087,-8811,-44374,-48342,-46367,-55009,-66665,-66791,2386,2613,-3140,-2387,-6167,-15736,-16704,-46,-706,-382,-2634,-843,-3302,-1652,12.092396633,11.800645958,11.643239763,11.594036702,11.462439129,11.428034513,8.0564593698,7.79374854,8.1578301333,7.9081413248,8.1637488745,8.3626912694,4.035937263,4.0068974183,3.4854096299,3.685895377,3.2986902549,3.0653432432,5.3258231297,5.1034031306,4.9492546662,5.4804256447,5.7030007466,5.6026071749,-5.029648106,-5.457915892,-5.217873831,-6.172407647,-7.465109167,-7.471075046,0.2961750237,-0.354512761,-0.268619165,-0.691982002,-1.762108421,-1.868467871
040,4,8,35,New Mexico,2059179,2059198,2064756,2077756,2083784,2085193,2083024,2080328,2081015,5558,13000,6028,1409,-2169,-2696,687,6645,27799,27043,26738,26357,25650,25491,3809,16380,16467,16803,17138,17742,17799,2836,11419,10576,9935,9219,7908,7692,528,1736,2629,2183,2571,2899,2637,2093,84,-7116,-10541,-14067,-13668,-9748,2621,1820,-4487,-8358,-11496,-10769,-7111,101,-239,-61,-168,108,165,106,13.421325032,12.996631055,12.827127614,12.646654433,12.32180224,12.251333284,7.9082450455,7.9138972592,8.0609703532,8.2231803191,8.5229401694,8.5544498495,5.5130799862,5.0827337957,4.7661572611,4.4234741138,3.7988620708,3.696883434,0.8381387911,1.2634745791,1.0472593157,1.2336209943,1.3926278633,1.2673793052,0.0405551028,-3.41988783,-5.056876063,-6.749648591,-6.565863276,-4.685025964,0.8786938939,-2.156413251,-4.009616748,-5.516027596,-5.173235412,-3.417646659
040,1,2,36,New York,19378102,19378110,19402640,19519529,19602769,19673546,19718515,19747183,19745289,24530,116889,83240,70777,44969,28668,-1894,61424,243116,239920,239861,237034,237898,236507,35124,149759,146910,152607,148798,155230,160713,26300,93357,93010,87254,88236,82668,75794,23691,108528,107880,104541,115680,120650,118478,-24320,-83457,-116357,-110066,-159490,-161612,-191367,-629,25071,-8477,-5525,-43810,-40962,-72889,-1141,-1539,-1293,-10952,543,-13038,-4799,12.492417881,12.265128189,12.214027716,12.034607684,12.055937792,11.97732064,7.6953059836,7.5102950241,7.7709428698,7.5547202265,7.8665782118,8.1389182222,4.7971118978,4.7548331645,4.4430848464,4.4798874575,4.1893595801,3.8384024176,5.5766676312,5.5150134586,5.323360911,5.8732646662,6.114170336,6.0000295753,-4.28840438,-5.94837246,-5.60470095,-8.097570726,-8.189998312,-9.691315347,1.2882632517,-0.433359002,-0.281340039,-2.22430606,-2.075827976,-3.691285772
040,3,5,37,North Carolina,9535483,9535688,9558915,9650963,9746175,9841590,9934399,10035186,10146788,23227,92048,95212,95415,92809,100787,111602,29913,121032,119577,119386,120197,120935,120778,18674,79944,79510,84326,83485,87724,89721,11239,41088,40067,35060,36712,33211,31057,5216,17202,22704,19204,20444,22822,20494,6752,31277,31764,37912,33991,41003,59584,11968,48479,54468,57116,54435,63825,80078,20,2481,677,3239,1662,3751,467,12.601017039,12.329344669,12.189854228,12.155852231,12.111919201,11.968898582,8.3232178778,8.19811665,8.6100685811,8.443066994,8.785760946,8.8912016238,4.2777991615,4.1312280193,3.5797856468,3.7127852367,3.3261582552,3.0776969587,1.7909535917,2.3409639092,1.960815846,2.0675577843,2.2856759417,2.0309212568,3.2563455114,3.2751223402,3.8709878335,3.4376030448,4.1065450284,5.9046751324,5.0472991031,5.6160862494,5.8318036795,5.5051608291,6.39222097,7.9355963891
040,2,4,38,North Dakota,672591,672591,674526,685476,702087,724019,739904,756835,757952,1935,10950,16611,21932,15885,16931,1117,2338,9210,9872,10253,10976,11615,11824,1494,6054,5935,6229,6205,5963,6172,844,3156,3937,4024,4771,5652,5652,290,1046,1721,1516,1592,1735,1575,840,6266,10759,16434,9072,9684,-6259,1130,7312,12480,17950,10664,11419,-4684,-39,482,194,-42,450,-140,149,13.544097729,14.229263824,14.379015305,14.995324208,15.520408034,15.611435799,8.9029280839,8.5545665314,8.7356760297,8.4772218211,7.9679890749,8.1490004865,4.6411696453,5.674697293,5.6433392749,6.5181023865,7.5524189588,7.4624353127,1.538233032,2.4806080877,2.1260691702,2.1749777823,2.3183734773,2.0795002862,9.2146923313,15.507764332,23.04737516,12.394094498,12.940131847,-8.263868121,10.752925363,17.98837242,25.17344433,14.56907228,15.258505324,-6.184367835
040,2,3,39,Ohio,11536504,11536727,11540983,11544824,11550839,11570022,11594408,11605090,11614373,4256,3841,6015,19183,24386,10682,9283,34806,137930,137688,139092,139547,138418,138012,26463,110724,111390,114477,111816,115380,115938,8343,27206,26298,24615,27731,23038,22074,3734,15886,16817,17239,19253,20072,19591,-7690,-37837,-37289,-22250,-18487,-31871,-27558,-3956,-21951,-20472,-5011,766,-11799,-7967,-131,-1414,189,-421,-4111,-557,-4824,11.949333199,11.923277543,12.031731863,12.048386254,11.932844409,11.887613422,9.5923872187,9.645966864,9.9024858979,9.6541119294,9.9467669516,9.9862774604,2.3569459798,2.2773106795,2.1292459654,2.3942743249,1.9860774574,1.9013359611,1.3762568491,1.456290733,1.4912074425,1.6622899851,1.7303822695,1.6874636593,-3.277944756,-3.229091107,-1.924668809,-1.596154104,-2.747559452,-2.373698306,-1.901687907,-1.772800374,-0.433461366,0.0661358816,-1.017177182,-0.686234647
040,3,7,40,Oklahoma,3751351,3751615,3759603,3786274,3817054,3852415,3877499,3907414,3923561,7988,26671,30780,35361,25084,29915,16147,13145,52558,52340,53353,53072,53460,53175,8168,37683,36986,38656,38653,38834,39588,4977,14875,15354,14697,14419,14626,13587,1254,4735,6311,5974,6619,7195,6716,1671,6319,9011,14002,4761,7671,-3822,2925,11054,15322,19976,11380,14866,2894,86,742,104,688,-715,423,-334,13.930256218,13.767655427,13.913088377,13.731588734,13.734257531,13.580684398,9.987705869,9.7288976617,10.080489275,10.000887461,9.9767332018,10.11061841,3.942550349,4.038757765,3.8325991017,3.730701273,3.7575243294,3.470065988,1.2549899766,1.660062541,1.557865349,1.7125675654,1.8484471182,1.7152398009,1.6748218928,2.3702778573,3.6513610004,1.2318377669,1.9707349331,-0.976123663,2.9298118694,4.0303403983,5.2092263493,2.9444053323,3.8191820512,0.7391161382
040,4,9,41,Oregon,3831074,3831072,3838048,3868031,3899116,3925751,3968371,4024634,4093465,6976,29983,31085,26635,42620,56263,68831,11879,45396,44907,45003,45467,45805,46198,7801,32512,32959,33425,33825,34678,35371,4078,12884,11948,11578,11642,11127,10827,1470,5533,5485,5726,6660,7109,6934,1543,11373,13736,9064,23560,35973,50038,3013,16906,19221,14790,30220,43082,56972,-115,193,-84,267,758,2054,1032,11.781867276,11.563319196,11.502559724,11.519203782,11.461271449,11.38148229,8.4380136773,8.4867712688,8.5432761988,8.5696674057,8.677087028,8.7141090543,3.3438535992,3.0765479268,2.9592835252,2.9495363766,2.7841844213,2.667373236,1.4360091559,1.4123590039,1.4635392525,1.6873314094,1.7788053429,1.7082817049,2.9516956678,3.5369486376,2.3167166931,5.9689981989,9.0011203546,12.327516577,4.3877048237,4.9493076415,3.7802559456,7.6563296083,10.779925698,14.035798282
040,1,2,42,Pennsylvania,12702379,12702857,12712343,12744293,12771854,12781338,12790565,12791904,12784227,9486,31950,27561,9484,9227,1339,-7677,36120,142966,142119,141825,142227,141276,140897,30127,127777,125513,130755,126603,130530,133053,5993,15189,16606,11070,15624,10746,7844,5794,26854,29193,29791,33818,34910,34678,-1581,-7450,-17463,-31138,-35353,-45064,-45565,4213,19404,11730,-1347,-1535,-10154,-10887,-720,-2643,-775,-239,-4862,747,-4634,11.232120379,11.139534507,11.100374466,11.123693063,11.044750997,11.01785098,10.038796957,9.8379273328,10.233946507,9.9017269071,10.204644438,10.404466571,1.1933234226,1.3016071745,0.8664279594,1.2219661556,0.8401065589,0.6133844091,2.1097838693,2.2881981359,2.3316852157,2.6449341686,2.7292127277,2.7117471364,-0.585309072,-1.368780326,-2.437112358,-2.764987807,-3.523037593,-3.563087787,1.5244747971,0.9194178102,-0.105427142,-0.120053639,-0.793824865,-0.85134065
040,1,1,44,Rhode Island,1052567,1052940,1053337,1052451,1052901,1053033,1054480,1055607,1056426,397,-886,450,132,1447,1127,819,2875,11004,11008,10870,10729,10838,10770,2336,9764,9323,9638,9709,9818,9849,539,1240,1685,1232,1020,1020,921,964,3968,4007,3764,4147,4353,4203,-1126,-6032,-5255,-5058,-3167,-4143,-3784,-162,-2064,-1248,-1294,980,210,419,20,-62,13,194,-553,-103,-521,10.451194517,10.457158708,10.323210509,10.181669105,10.272562221,10.198704282,9.2734881194,8.8564762567,9.1531833381,9.2137035454,9.3057774395,9.326558818,1.1777063978,1.6006824512,1.1700271708,0.9679655594,0.9667847819,0.8721454636,3.7686604729,3.8064893661,3.5746609343,3.9354442891,4.1258962308,3.9800514481,-5.728971767,-4.992039336,-4.803569343,-3.005438163,-3.926852305,-3.583277345,-1.960311294,-1.18554997,-1.228908408,0.9300061257,0.1990439257,0.3967741034
040,3,5,45,South Carolina,4625364,4625410,4635943,4672637,4720760,4767894,4828430,4894834,4961119,10533,36694,48123,47134,60536,66404,66285,14181,57471,57525,56575,57293,57852,57926,9679,42036,42080,44670,44520,46646,47514,4502,15435,15445,11905,12773,11206,10412,1610,5117,6673,5382,5790,6631,5760,4354,14844,25814,28785,39272,46745,47084,5964,19961,32487,34167,45062,53376,52844,67,1298,191,1062,2701,1822,3029,12.347962847,12.247965246,11.924768255,11.940613927,11.899707752,11.754520339,9.0316675583,8.959485051,9.4154555535,9.2785529126,9.594720456,9.6416855884,3.3162952889,3.2884801952,2.5093127013,2.6620610142,2.3049872964,2.1128347507,1.0994158078,1.4207852601,1.1344074723,1.2067120702,1.363945276,1.1688367426,3.1893156636,5.4962012145,6.0672462079,8.1848007633,9.6150839883,9.5544286788,4.2887314714,6.9169864746,7.2016536803,9.3915128335,10.979029264,10.723265421
040,2,4,46,South Dakota,814180,814195,816325,824398,834441,844922,852561,857919,865454,2130,8073,10043,10481,7639,5358,7535,3034,11786,11894,12050,12444,12156,12114,1922,7296,7431,7290,7172,7300,7296,1112,4490,4463,4760,5272,4856,4818,277,1273,1526,1497,1631,1727,1632,802,2070,4037,4289,454,-1084,941,1079,3343,5563,5786,2085,643,2573,-61,240,17,-65,282,-141,144,14.366837059,14.340149948,14.350679395,14.661707952,14.21355409,14.058477184,8.8936401818,8.9592781457,8.6818633017,8.4501582637,8.5356157336,8.4671165209,5.4731968772,5.3808718025,5.6688160928,6.2115496886,5.6779383565,5.5913606631,1.5517549276,1.8398409972,1.7828188426,1.9216687295,2.0193162153,1.8939602744,2.5232778476,4.8672595713,5.1078891222,0.534909628,-1.267480473,1.0920444965,4.0750327752,6.7071005685,6.8907079649,2.4565783575,0.751835742,2.9860047709
040,3,6,47,Tennessee,6346105,6346298,6356671,6397634,6454306,6494821,6544663,6595056,6651194,10373,40963,56672,40515,49842,50393,56138,19659,78614,80310,80284,80450,81691,81443,14305,60215,60645,63504,63553,64775,65454,5354,18399,19665,16780,16897,16916,15989,1927,7738,9017,8216,9280,9995,9440,3172,15065,27660,14017,23550,21788,30519,5099,22803,36677,22233,32830,31783,39959,-80,-239,330,1502,115,1694,190,12.327445517,12.497724079,12.399909276,12.339445334,12.434208068,12.296763235,9.4423020306,9.4374857025,9.8082287709,9.747778363,9.8594193681,9.8826460319,2.8851434868,3.0602383765,2.5916805048,2.5916669709,2.5747886998,2.414117203,1.2133942226,1.4032122777,1.2689658538,1.4233692069,1.5213415142,1.4253090497,2.3623396179,4.3044085173,2.1649335897,3.6121061232,3.3163570697,4.607945645,3.5757338405,5.707620795,3.4338994436,5.0354753302,4.837698584,6.0332546947
040,3,7,48,Texas,25145561,25146100,25244310,25646389,26071655,26473525,26944751,27429639,27862596,98210,402079,425266,401870,471226,484888,432957,92752,381765,378107,384432,394335,401870,404533,40996,168065,169134,178624,180764,187483,192814,51756,213700,208973,205808,213571,214387,211719,15453,69376,72347,76746,88279,94803,91839,29973,116100,141785,117522,164313,171537,125703,45426,185476,214132,194268,252592,266340,217542,1028,2903,2161,1794,5063,4161,3696,15.003330962,14.621860022,14.632436315,14.76404817,14.781591113,14.632542888,6.6049397356,6.5406185895,6.7988728938,6.7678709811,6.8960037988,6.9743608664,8.3983912267,8.0812414329,7.833563421,7.9961771885,7.8855873142,7.6581820214,2.7264707054,2.7977469527,2.9211432904,3.3051983931,3.4870460156,3.3219492755,4.5627198007,5.4829993184,4.4731790813,6.1519394598,6.3094776787,4.5468590662,7.2891905061,8.2807462711,7.3943223717,9.457137853,9.7965236943,7.8688083417
040,4,8,49,Utah,2763885,2763888,2775326,2816124,2855782,2902663,2941836,2990632,3051217,11438,40798,39658,46881,39173,48796,60585,13755,51921,50440,51854,50840,51206,51444,3708,14868,15270,16036,16101,16601,16447,10047,37053,35170,35818,34739,34605,34997,1058,4621,4768,4807,5432,5839,5634,321,-942,-167,6145,-825,8548,19778,1379,3679,4601,10952,4607,14387,25412,12,66,-113,111,-173,-196,176,18.571569092,17.7859083,18.009723111,17.397556232,17.262967116,17.029224001,5.3181196291,5.3844333809,5.5695591431,5.509796477,5.5966589285,5.4443598309,13.253449463,12.401474919,12.440163968,11.887759755,11.666308187,11.58486417,1.6528807376,1.6812690478,1.6695479422,1.858841964,1.968489337,1.8649919917,-0.336943011,-0.05888673,2.1342567308,-0.282316756,2.8817685995,6.547002416,1.3159377264,1.6223823173,3.803804673,1.5765252077,4.8502579365,8.4119944077
040,1,1,50,Vermont,625741,625741,625982,626730,626444,627140,626984,626088,624594,241,748,-286,696,-156,-896,-1494,1656,6053,6093,5975,6111,6016,6035,1331,5431,5456,5559,5596,5585,5547,325,622,637,416,515,431,488,100,648,730,850,925,988,955,-155,-425,-1639,-609,-1327,-2252,-2865,-55,223,-909,241,-402,-1264,-1910,-29,-97,-14,39,-269,-63,-72,9.6638333472,9.7241085436,9.5326679345,9.7454478186,9.6020021196,9.6507345592,8.6707878587,8.7074899415,8.8689708867,8.9241574198,8.9140927257,8.8703603314,0.9930454885,1.016618602,0.6636970478,0.8212903987,0.6879093939,0.7803742278,1.0345554285,1.165041726,1.3561117564,1.4751332404,1.5769245502,1.5271667778,-0.678527866,-2.615758067,-0.971614188,-2.116218173,-3.594366485,-4.581500333,0.3560275626,-1.450716341,0.3844975686,-0.641084933,-2.017441935,-3.054333556
040,3,5,51,Virginia,8001024,8001041,8025773,8110035,8192048,8262692,8317372,8367587,8411808,24732,84262,82013,70644,54680,50215,44221,25719,102336,102767,102511,102589,103167,102366,14675,60453,60220,63439,62649,64611,66558,11044,41883,42547,39072,39940,38556,35808,7889,28577,34467,30521,32861,35550,32545,5759,11078,5081,2228,-19073,-24144,-25343,13648,39655,39548,32749,13788,11406,7202,40,2724,-82,-1177,952,253,1211,12.684335361,12.60783668,12.459753238,12.374982388,12.366467307,12.201393435,7.4930242105,7.3880129306,7.7107265141,7.5571481509,7.7448197505,7.9333015285,5.191311151,5.2198237489,4.7490267242,4.8178342376,4.6216475569,4.2680919068,3.5420599948,4.2285393836,3.7096909462,3.9639171477,4.2613230275,3.8791625085,1.3730951682,0.6233559233,0.2708034281,-2.300714883,-2.894103606,-3.020728697,4.915155163,4.8518953069,3.9804943743,1.6632022651,1.367219422,0.8584338112
040,4,9,53,Washington,6724540,6724545,6743226,6822520,6895226,6968006,7054196,7160290,7288000,18681,79294,72706,72780,86190,106094,127710,22233,86687,86718,87233,87382,89318,89982,11831,49848,49457,51337,51290,54245,55979,10402,36839,37261,35896,36092,35073,34003,4727,19165,22202,21915,24226,25950,24410,3617,23491,13205,14250,26026,42640,67571,8344,42656,35407,36165,50252,68590,91981,-65,-201,38,719,-154,2431,1726,12.78027762,12.643184966,12.58479985,12.463377721,12.567179707,12.455730055,7.3490982361,7.2106598271,7.4062094611,7.3155414535,7.6323547682,7.7488754725,5.4311793837,5.4325251393,5.1785903893,5.1478362671,4.9348249384,4.7068545828,2.8254988705,3.2369749374,3.1616004118,3.4553774079,3.6512048343,3.3789465743,3.4632817097,1.9252434037,2.0557976668,3.7121131189,5.9995134541,9.3534944274,6.2887805801,5.1622183411,5.2173980786,7.1674905268,9.6507182884,12.732441002
040,3,5,54,West Virginia,1852994,1853011,1854230,1854972,1856560,1853231,1848514,1841053,1831102,1219,742,1588,-3329,-4717,-7461,-9951,5103,20459,20683,20933,20582,20019,19799,5230,21911,21494,22257,21671,22302,22479,-127,-1452,-811,-1324,-1089,-2283,-2680,255,1020,1122,948,1039,1104,1076,1218,1060,1301,-2442,-4199,-5982,-7659,1473,2080,2423,-1494,-3160,-4878,-6583,-127,114,-24,-511,-468,-300,-688,11.031483322,11.145262926,11.285271866,11.120160897,10.851679885,10.783313885,11.814401049,11.582279231,11.999058707,11.708532057,12.089223478,12.242947261,-0.782917727,-0.437016305,-0.713786841,-0.58837116,-1.237543593,-1.459633376,0.5499835275,0.6046020888,0.5110800042,0.5613568736,0.5984442077,0.5860319077,0.5715515089,0.7010582153,-1.316516213,-2.268659781,-3.24265693,-4.171392547,1.1215350364,1.3056603042,-0.805436209,-1.707302907,-2.644212722,-3.58536064
040,2,3,55,Wisconsin,5686986,5687289,5690263,5709640,5726177,5742854,5758377,5767891,5778708,2974,19377,16537,16677,15523,9514,10817,17558,67775,67647,66885,67077,66469,66079,11757,48488,47888,50051,49335,49773,49823,5801,19287,19759,16834,17742,16696,16256,1291,5683,6334,6664,7736,8155,7990,-3818,-6241,-9411,-7575,-8796,-15700,-12395,-2527,-558,-3077,-911,-1060,-7545,-4405,-300,648,-145,754,-1159,363,-1034,11.89045205,11.830724469,11.663583436,11.664316628,11.533481609,11.445621347,8.5067390486,8.3750902974,8.7280259335,8.5790816653,8.6364467666,8.6299004581,3.3837130018,3.4556341711,2.9355575026,3.0852349631,2.8970348425,2.8157208889,0.9970260273,1.1077477018,1.1620859687,1.3452473044,1.4150286979,1.3839573021,-1.094921597,-1.645881532,-1.320948561,-1.529575399,-2.724212208,-2.146952536,-0.09789557,-0.53813383,-0.158862593,-0.184328095,-1.30918351,-0.762995233
040,4,8,56,Wyoming,563626,563767,564513,567725,576765,582684,583642,586555,585501,746,3212,9040,5919,958,2913,-1054,1993,7474,7438,7508,7711,7688,7590,1291,4448,4378,4615,4536,4625,4838,702,3026,3060,2893,3175,3063,2752,114,374,591,468,516,594,524,-91,-241,5244,2544,-2773,-653,-4347,23,133,5835,3012,-2257,-59,-3823,21,53,145,14,40,-91,17,13.202171275,12.997929209,12.950979301,13.222718177,13.139667936,12.951599582,7.8570053293,7.6505692492,7.9606778737,7.7782712552,7.9046519518,8.2555782318,5.3451659457,5.3473599595,4.9903014277,5.4444469214,5.2350159845,4.6960213505,0.6606384877,1.0327744235,0.8072800097,0.8848297989,1.0152136777,0.8941552281,-0.42570555,9.1639070678,4.3882913349,-4.755102776,-1.1160514,-7.417734306,0.2349329381,10.196681491,5.1955713447,-3.870272977,-0.100837722,-6.523579078
040,X,X,72,Puerto Rico,3725789,3726157,3721525,3678732,3634488,3593077,3534874,3473181,3411307,-4632,-42793,-44244,-41411,-58203,-61693,-61874,9603,41243,40282,37871,35717,32965,30991,7138,30260,29742,29399,28831,29901,28108,2465,10983,10540,8472,6886,3064,2883,-7097,-53776,-54784,-49883,-65089,-64757,-64757,0,0,0,0,0,0,0,-7097,-53776,-54784,-49883,-65089,-64757,-64757,0,0,0,0,0,0,0,11.146369646,11.016214472,10.47960136,10.02167383,9.4077458011,9.0031386503,8.1780943554,8.1337632397,8.1352433358,8.0895617829,8.53332344,8.1656036004,2.968275291,2.8824512322,2.3443580238,1.9321120473,0.8744223611,0.8375350498,-14.53354931,-14.98218295,-13.80354241,-18.26303239,-18.48073396,-18.81243747,0,0,0,0,0,0,-14.53354931,-14.98218295,-13.80354241,-18.26303239,-18.48073396,-18.81243747
